{
    "settings": {
        "index": {
            "number_of_replicas": 0,
            "number_of_shards": 1
        },
        "analysis": {
            "filter": {
                "my_stopwords_filter": {
                    "type":       "stop",
                    "stopwords":  "_english_"
                },
                "my_stemmer" : {
                    "type" : "stemmer",
                    "name" : "porter2"
                }
            },
            "analyzer": {
                "my_analyzer": {
                    "type": "custom",
                    "tokenizer": "standard",
                    "filter": [
                        "lowercase",
                        "apostrophe",
                        "my_stopwords_filter",
                        "my_stemmer"
                    ]
                }
            }
        },
        "similarity" : {
            "my_bm25" : {
                "type" : "BM25",
                "k1": 1.2,
                "b": 0.75
            },
            "my_tfidf" : {
                "type" : "classic"
            },
            "my_lm" : {
                "type" : "LMDirichlet",
                "mu": 431
            }
        }
    },
    "mappings": {
        "document": {
            "properties": {
                "content": {
                    "type": "text",
                    "store": true,
                    "similarity": "my_lm",
                    "analyzer": "my_analyzer"
                }
            }
        }
    }
}
